链接,商品ID,用户ID,商品标题,商品照片
https://item.taobao.com/item.htm?id=675357511372&ns=1&abbucket=7#detail,675357511372,35199816,戎美 日本三醋酸薄款短袖西装女大气显白休闲套装西服百慕大中裤,https://g-search1.alicdn.com/img/bao/uploaded/i4/i2/35199816/O1CN01VTaJDm2MNmXYVtLvE_!!35199816.jpg
https://detail.tmall.com/item.htm?id=616006489780&ns=1&abbucket=7,616006489780,823511042,西服套装男士韩版修身上衣外套伴郎新郎结婚商务职业正装小西装男,https://g-search2.alicdn.com/img/bao/uploaded/i4/i3/823511042/O1CN01WjUq1p1JZHKltAVRZ_!!0-item_pic.jpg
https://detail.tmall.com/item.htm?id=576079870688&ns=1&abbucket=7,576079870688,2963388188,西服套装男士三件套商务职业正装小西装韩版修身伴郎新郎结婚礼服,https://g-search2.alicdn.com/img/bao/uploaded/i4/i1/2963388188/O1CN01oHEw8P2AM9bmnHkK1_!!2963388188-0-lubanu-s.jpg
https://item.taobao.com/item.htm?id=627469423830&ns=1&abbucket=7#detail,627469423830,1710045050,花花公子西服套装男士商务修身正装上班面试职业西装新郎结婚礼服,https://g-search3.alicdn.com/img/bao/uploaded/i4/i3/1710045050/O1CN01OVsVpw1nAwkr7iYmy_!!1710045050.jpg
https://detail.tmall.com/item.htm?id=668943065654&ns=1&abbucket=7,668943065654,2204167683085,2022新款chic白色西装外套女春秋休闲高级设计感小众宽松气质西服,https://g-search1.alicdn.com/img/bao/uploaded/i4/i2/2204167683085/O1CN01EP94WL1YeybRoC4Jd_!!0-item_pic.jpg
https://item.taobao.com/item.htm?id=627634071211&ns=1&abbucket=7#detail,627634071211,2613416167,美洋MEIYANG 日本东丽西装 设计感小众长袖休闲西服外套,https://g-search3.alicdn.com/img/bao/uploaded/i4/i2/2613416167/O1CN01EY06V81vQXING6V2Q_!!0-item_pic.jpg
https://detail.tmall.com/item.htm?id=670995029054&ns=1&abbucket=7,670995029054,436157429,西装外套女夏薄款休闲小个子气质职业装套装工作服正装小西服夏季,https://g-search3.alicdn.com/img/bao/uploaded/i4/i2/436157429/O1CN01NCyMTR24kX7N4FRLI_!!0-item_pic.jpg
https://detail.tmall.com/item.htm?id=672899965828&ns=1&abbucket=7,672899965828,2210478261577,炸街西装套装女夏季薄款气质女神范高级感职业休闲御姐夏天款西服,https://g-search3.alicdn.com/img/bao/uploaded/i4/i1/2210478261577/O1CN0174hBtZ1NWJLqGsIGz_!!0-item_pic.jpg
https://item.taobao.com/item.htm?id=666975942255&ns=1&abbucket=7#detail,666975942255,2983851030,西装套装女春秋长袖女士黑西服外套修身正装大学生职业面试工作服,https://g-search3.alicdn.com/img/bao/uploaded/i4/i1/2983851030/O1CN01nWESBT1JTmgAlHA4i_!!2983851030.jpg
https://detail.tmall.com/item.htm?id=669723747360&ns=1&abbucket=7,669723747360,1667651824,【白鹿同款】朗姿三醋酸白色女士小西装外套女2022夏季新职业西服,https://g-search3.alicdn.com/img/bao/uploaded/i4/i4/1667651824/O1CN01Dg0NAr1PLRBPrNkj8_!!1667651824.jpg
https://detail.tmall.com/item.htm?id=617655399178&ns=1&abbucket=7,617655399178,1039224878,拉博夫纯羊毛西服男士套装中年商务休闲高端正装职业结婚新郎西装,https://g-search3.alicdn.com/img/bao/uploaded/i4/i3/1039224878/O1CN01OwWkUG1luAld62g90_!!0-item_pic.jpg
https://detail.tmall.com/item.htm?id=640850844578&ns=1&abbucket=7,640850844578,2206793636864,春夏新款韩版天丝亚麻小西装外套女薄款杏色七分袖修身西服女上衣,https://g-search3.alicdn.com/img/bao/uploaded/i4/i1/2206793636864/O1CN01c2ksAN20ZlGVJW32a_!!0-item_pic.jpg
https://item.taobao.com/item.htm?id=654683972686&ns=1&abbucket=7#detail,654683972686,644802025,小云米西装外套女夏季薄款炸街小众设计感chic咖色休闲小西服上衣,https://g-search2.alicdn.com/img/bao/uploaded/i4/i1/644802025/O1CN017rQ95H1QpUjeWW4Cv_!!644802025.jpg
https://detail.tmall.com/item.htm?id=625780484275&ns=1&abbucket=7,625780484275,688058032,罗蒙男士西裤2022夏季薄款商务正装直筒裤休闲西装裤长裤西服裤子,https://g-search3.alicdn.com/img/bao/uploaded/i4/i4/688058032/O1CN01mxnUcK29ChxdNAQq4_!!688058032.jpg
https://detail.tmall.com/item.htm?id=38839770856&ns=1&abbucket=7,38839770856,1991829878,西服套装男士三件套商务休闲西装职业正装修身伴郎服新郎结婚礼服,https://g-search3.alicdn.com/img/bao/uploaded/i4/i1/1991829878/O1CN01gqwNNs2MqAwupZotV_!!1991829878-0-lubanu-s.jpg
https://detail.tmall.com/item.htm?id=669800618285&ns=1&abbucket=7,669800618285,734400460,娅丽达白色西装外套女薄款2022夏季凉感七分袖休闲小个子短款西服,https://g-search3.alicdn.com/img/bao/uploaded/i4/i2/734400460/O1CN013zGAEl1FGiw0Bfx4k_!!0-item_pic.jpg
https://detail.tmall.com/item.htm?id=672367308466&ns=1&abbucket=7,672367308466,2206596562987,2022新款高级感西装套装女神范夏季薄夏天气质高端西服职业工作服,https://g-search3.alicdn.com/img/bao/uploaded/i4/i4/2206596562987/O1CN01oAQFYy1Xw5ndEvudG_!!0-item_pic.jpg
https://detail.tmall.com/item.htm?id=654257723751&ns=1&abbucket=7,654257723751,2261103892,新郎结婚西服套装男意式商务休闲韩版修身职业正装婚礼西装三件套,https://g-search1.alicdn.com/img/bao/uploaded/i4/i1/2261103892/O1CN01P3OuAM1ecaBhQbDpA_!!0-item_pic.jpg
https://detail.tmall.com/item.htm?id=614440490503&ns=1&abbucket=7,614440490503,2204167683085,chic黑色西装外套女小个子2022春秋短款高级感韩版休闲西服上衣新,https://g-search3.alicdn.com/img/bao/uploaded/i4/i1/2204167683085/O1CN01IecS6J1YeycJ2vLXh_!!0-item_pic.jpg
https://item.taobao.com/item.htm?id=592542046832&ns=1&abbucket=7#detail,592542046832,4010220959,伯德小姐西装套装女夏款ol职业高级感气质通勤商务正装西服职业装,https://g-search2.alicdn.com/img/bao/uploaded/i4/i1/4010220959/O1CN01tRn6gm1IxGTPFF2vZ_!!4010220959.jpg
https://item.taobao.com/item.htm?id=647636356642&ns=1&abbucket=7#detail,647636356642,772491685,复古短款黑色小西装外套女夏季2022年新款气质宽松显瘦薄款小西服,https://g-search2.alicdn.com/img/bao/uploaded/i4/i2/772491685/O1CN01bGH4DX1OJm3WPKPEm_!!772491685.jpg
https://item.taobao.com/item.htm?id=669783809954&ns=1&abbucket=7#detail,669783809954,4010220959,伯德小姐西装套装女通勤新款夏天蓝色高级感夏季薄款职业装小西服,https://g-search2.alicdn.com/img/bao/uploaded/i4/i1/4010220959/O1CN01rvR3T51IxGZRjMalR_!!4010220959.jpg
https://detail.tmall.com/item.htm?id=633371679625&ns=1&abbucket=7,633371679625,2181429252,罗蒙新郎结婚西装套装男婚礼订婚礼服伴郎服修身男士西服套装正装,https://g-search1.alicdn.com/img/bao/uploaded/i4/i1/2181429252/O1CN01b0ArqX2IDT89C9RTR_!!0-item_pic.jpg
https://item.taobao.com/item.htm?id=602799286461&ns=1&abbucket=7#detail,602799286461,3078910112,花花公子西服套装男士商务休闲修身上班面试职业正装新郎伴郎结婚,https://g-search3.alicdn.com/img/bao/uploaded/i4/i2/3078910112/O1CN01ebSH8N1ChL4MzjGwO_!!3078910112.jpg
https://detail.tmall.com/item.htm?id=671741667382&ns=1&abbucket=7,671741667382,1667651824,朗姿法式蓝色职业西装外套女2022夏季新款气质显瘦薄款西服上衣,https://g-search2.alicdn.com/img/bao/uploaded/i4/i2/1667651824/O1CN01OuGLT01PLRBQYxRl6_!!1667651824.jpg
https://detail.tmall.com/item.htm?id=598292354312&ns=1&abbucket=7,598292354312,3175115212,薄款亚麻西装女2022夏季新款小个子休闲七分袖棉麻小西服白色外套,https://g-search3.alicdn.com/img/bao/uploaded/i4/i1/3175115212/O1CN01Y8Wqqo1oN8pyxnAvP_!!0-item_pic.jpg
https://item.taobao.com/item.htm?id=639858489993&ns=1&abbucket=7#detail,639858489993,2208656986481,花花公子西服套装男士修身职业正装商务休闲西装伴郎新郎结婚礼服,https://g-search2.alicdn.com/img/bao/uploaded/i4/i1/2208656986481/O1CN01mB1yyr1xkLZBUJ1uH_!!2208656986481.jpg
https://detail.tmall.com/item.htm?id=574680642377&ns=1&abbucket=7,574680642377,2963388188,西服套装男士韩版修身上衣外套伴郎新郎结婚商务职业正装小西装男,https://g-search3.alicdn.com/img/bao/uploaded/i4/i1/2963388188/O1CN0112Q07D2AM9c89RYBs_!!0-item_pic.jpg
https://item.taobao.com/item.htm?id=642791110649&ns=1&abbucket=7#detail,642791110649,2127808979,夏季高级感坠感休闲西服套装男宽松韩版帅气痞帅潮轻熟小西装外套,https://g-search2.alicdn.com/img/bao/uploaded/i4/i4/2127808979/O1CN01i6Qe1F2GCQyBo1Bsq_!!2127808979.jpg
https://detail.tmall.com/item.htm?id=662328818719&ns=1&abbucket=7,662328818719,1573475524,诗凡黎西装外套女韩版2022年新款薄款黑色小西装高级感气质西服女,https://g-search3.alicdn.com/img/bao/uploaded/i4/i1/1573475524/O1CN01Au0JE51qg2d5w3IEz_!!1573475524.jpg
https://item.taobao.com/item.htm?id=605330418612&ns=1&abbucket=7#detail,605330418612,2441722819,西装套装女夏季薄款韩版时尚气质职业装正装女大学生面试西服外套,https://g-search3.alicdn.com/img/bao/uploaded/i4/i1/2441722819/O1CN01x2jXu81Wh9ASBpfhz_!!2441722819.jpg
https://detail.tmall.com/item.htm?id=642744438575&ns=1&abbucket=7,642744438575,3428967168,雪纺小西装外套女薄款2022新款夏韩版白色高级感单西服上衣防晒衣,https://g-search3.alicdn.com/img/bao/uploaded/i4/i1/3428967168/O1CN018HaA1s22ozfgTgmGf_!!0-item_pic.jpg
https://item.taobao.com/item.htm?id=675079077607&ns=1&abbucket=7#detail,675079077607,2613416167,美洋MEIYANG 舒伯特短西装 酷飒时髦五分袖精简箱型通勤西服外套,https://g-search1.alicdn.com/img/bao/uploaded/i4/i2/2613416167/O1CN01P4tCMe1vQXIWVte9D_!!0-item_pic.jpg
https://item.taobao.com/item.htm?id=673361387918&ns=1&abbucket=7#detail,673361387918,1752264181,七分袖西服套装女夏季薄款2022时尚气质女神范高端高级感夏天西装,https://g-search2.alicdn.com/img/bao/uploaded/i4/i4/1752264181/O1CN01B85yL31gkwhVHM0em_!!1752264181.jpg
https://item.taobao.com/item.htm?id=672708445412&ns=1&abbucket=7#detail,672708445412,1752264181,休闲西装套装女夏季薄款高级感2022新款爆款时尚气质高端职业西服,https://g-search3.alicdn.com/img/bao/uploaded/i4/i4/1752264181/O1CN01Zub9zx1gkwhK0viRJ_!!1752264181.jpg
https://item.taobao.com/item.htm?id=655608977376&ns=1&abbucket=7#detail,655608977376,109019987,罗蒙新郎西装套装男士英伦修身西服纯色结婚礼服商务休闲上班正装,https://g-search3.alicdn.com/img/bao/uploaded/i4/i1/109019987/O1CN018CtgtD2Ne6FWbQBht_!!0-item_pic.jpg
https://item.taobao.com/item.htm?id=675357511372&ns=1&abbucket=7#detail,675357511372,35199816,戎美 日本三醋酸薄款短袖西装女大气显白休闲套装西服百慕大中裤,https://g-search1.alicdn.com/img/bao/uploaded/i4/i2/35199816/O1CN01VTaJDm2MNmXYVtLvE_!!35199816.jpg
https://detail.tmall.com/item.htm?id=616006489780&ns=1&abbucket=7,616006489780,823511042,西服套装男士韩版修身上衣外套伴郎新郎结婚商务职业正装小西装男,https://g-search2.alicdn.com/img/bao/uploaded/i4/i3/823511042/O1CN01WjUq1p1JZHKltAVRZ_!!0-item_pic.jpg
https://detail.tmall.com/item.htm?id=576079870688&ns=1&abbucket=7,576079870688,2963388188,西服套装男士三件套商务职业正装小西装韩版修身伴郎新郎结婚礼服,https://g-search3.alicdn.com/img/bao/uploaded/i4/i1/2963388188/O1CN01oHEw8P2AM9bmnHkK1_!!2963388188-0-lubanu-s.jpg
https://item.taobao.com/item.htm?id=627469423830&ns=1&abbucket=7#detail,627469423830,1710045050,花花公子西服套装男士商务修身正装上班面试职业西装新郎结婚礼服,https://g-search1.alicdn.com/img/bao/uploaded/i4/i3/1710045050/O1CN01OVsVpw1nAwkr7iYmy_!!1710045050.jpg
https://detail.tmall.com/item.htm?id=668943065654&ns=1&abbucket=7,668943065654,2204167683085,2022新款chic白色西装外套女春秋休闲高级设计感小众宽松气质西服,https://g-search3.alicdn.com/img/bao/uploaded/i4/i2/2204167683085/O1CN01EP94WL1YeybRoC4Jd_!!0-item_pic.jpg
https://item.taobao.com/item.htm?id=627634071211&ns=1&abbucket=7#detail,627634071211,2613416167,美洋MEIYANG 日本东丽西装 设计感小众长袖休闲西服外套,https://g-search2.alicdn.com/img/bao/uploaded/i4/i2/2613416167/O1CN01EY06V81vQXING6V2Q_!!0-item_pic.jpg
https://detail.tmall.com/item.htm?id=670995029054&ns=1&abbucket=7,670995029054,436157429,西装外套女夏薄款休闲小个子气质职业装套装工作服正装小西服夏季,https://g-search1.alicdn.com/img/bao/uploaded/i4/i2/436157429/O1CN01NCyMTR24kX7N4FRLI_!!0-item_pic.jpg
https://detail.tmall.com/item.htm?id=672899965828&ns=1&abbucket=7,672899965828,2210478261577,炸街西装套装女夏季薄款气质女神范高级感职业休闲御姐夏天款西服,https://g-search3.alicdn.com/img/bao/uploaded/i4/i1/2210478261577/O1CN0174hBtZ1NWJLqGsIGz_!!0-item_pic.jpg
https://item.taobao.com/item.htm?id=666975942255&ns=1&abbucket=7#detail,666975942255,2983851030,西装套装女春秋长袖女士黑西服外套修身正装大学生职业面试工作服,https://g-search2.alicdn.com/img/bao/uploaded/i4/i1/2983851030/O1CN01nWESBT1JTmgAlHA4i_!!2983851030.jpg
https://detail.tmall.com/item.htm?id=669723747360&ns=1&abbucket=7,669723747360,1667651824,【白鹿同款】朗姿三醋酸白色女士小西装外套女2022夏季新职业西服,https://g-search3.alicdn.com/img/bao/uploaded/i4/i4/1667651824/O1CN01Dg0NAr1PLRBPrNkj8_!!1667651824.jpg
https://detail.tmall.com/item.htm?id=617655399178&ns=1&abbucket=7,617655399178,1039224878,拉博夫纯羊毛西服男士套装中年商务休闲高端正装职业结婚新郎西装,https://g-search3.alicdn.com/img/bao/uploaded/i4/i3/1039224878/O1CN01OwWkUG1luAld62g90_!!0-item_pic.jpg
https://detail.tmall.com/item.htm?id=640850844578&ns=1&abbucket=7,640850844578,2206793636864,春夏新款韩版天丝亚麻小西装外套女薄款杏色七分袖修身西服女上衣,https://g-search2.alicdn.com/img/bao/uploaded/i4/i1/2206793636864/O1CN01c2ksAN20ZlGVJW32a_!!0-item_pic.jpg
https://item.taobao.com/item.htm?id=654683972686&ns=1&abbucket=7#detail,654683972686,644802025,小云米西装外套女夏季薄款炸街小众设计感chic咖色休闲小西服上衣,https://g-search3.alicdn.com/img/bao/uploaded/i4/i1/644802025/O1CN017rQ95H1QpUjeWW4Cv_!!644802025.jpg
https://detail.tmall.com/item.htm?id=625780484275&ns=1&abbucket=7,625780484275,688058032,罗蒙男士西裤2022夏季薄款商务正装直筒裤休闲西装裤长裤西服裤子,https://g-search2.alicdn.com/img/bao/uploaded/i4/i4/688058032/O1CN01mxnUcK29ChxdNAQq4_!!688058032.jpg
https://detail.tmall.com/item.htm?id=38839770856&ns=1&abbucket=7,38839770856,1991829878,西服套装男士三件套商务休闲西装职业正装修身伴郎服新郎结婚礼服,https://g-search2.alicdn.com/img/bao/uploaded/i4/i1/1991829878/O1CN01gqwNNs2MqAwupZotV_!!1991829878-0-lubanu-s.jpg
https://detail.tmall.com/item.htm?id=669800618285&ns=1&abbucket=7,669800618285,734400460,娅丽达白色西装外套女薄款2022夏季凉感七分袖休闲小个子短款西服,https://g-search3.alicdn.com/img/bao/uploaded/i4/i2/734400460/O1CN013zGAEl1FGiw0Bfx4k_!!0-item_pic.jpg
https://detail.tmall.com/item.htm?id=672367308466&ns=1&abbucket=7,672367308466,2206596562987,2022新款高级感西装套装女神范夏季薄夏天气质高端西服职业工作服,https://g-search1.alicdn.com/img/bao/uploaded/i4/i4/2206596562987/O1CN01oAQFYy1Xw5ndEvudG_!!0-item_pic.jpg
https://detail.tmall.com/item.htm?id=654257723751&ns=1&abbucket=7,654257723751,2261103892,新郎结婚西服套装男意式商务休闲韩版修身职业正装婚礼西装三件套,https://g-search2.alicdn.com/img/bao/uploaded/i4/i1/2261103892/O1CN01P3OuAM1ecaBhQbDpA_!!0-item_pic.jpg
https://detail.tmall.com/item.htm?id=614440490503&ns=1&abbucket=7,614440490503,2204167683085,chic黑色西装外套女小个子2022春秋短款高级感韩版休闲西服上衣新,https://g-search2.alicdn.com/img/bao/uploaded/i4/i1/2204167683085/O1CN01IecS6J1YeycJ2vLXh_!!0-item_pic.jpg
https://item.taobao.com/item.htm?id=592542046832&ns=1&abbucket=7#detail,592542046832,4010220959,伯德小姐西装套装女夏款ol职业高级感气质通勤商务正装西服职业装,https://g-search2.alicdn.com/img/bao/uploaded/i4/i1/4010220959/O1CN01tRn6gm1IxGTPFF2vZ_!!4010220959.jpg
https://item.taobao.com/item.htm?id=647636356642&ns=1&abbucket=7#detail,647636356642,772491685,复古短款黑色小西装外套女夏季2022年新款气质宽松显瘦薄款小西服,https://g-search1.alicdn.com/img/bao/uploaded/i4/i2/772491685/O1CN01bGH4DX1OJm3WPKPEm_!!772491685.jpg
https://item.taobao.com/item.htm?id=669783809954&ns=1&abbucket=7#detail,669783809954,4010220959,伯德小姐西装套装女通勤新款夏天蓝色高级感夏季薄款职业装小西服,https://g-search3.alicdn.com/img/bao/uploaded/i4/i1/4010220959/O1CN01rvR3T51IxGZRjMalR_!!4010220959.jpg
https://detail.tmall.com/item.htm?id=633371679625&ns=1&abbucket=7,633371679625,2181429252,罗蒙新郎结婚西装套装男婚礼订婚礼服伴郎服修身男士西服套装正装,https://g-search3.alicdn.com/img/bao/uploaded/i4/i1/2181429252/O1CN01b0ArqX2IDT89C9RTR_!!0-item_pic.jpg
https://item.taobao.com/item.htm?id=602799286461&ns=1&abbucket=7#detail,602799286461,3078910112,花花公子西服套装男士商务休闲修身上班面试职业正装新郎伴郎结婚,https://g-search3.alicdn.com/img/bao/uploaded/i4/i2/3078910112/O1CN01ebSH8N1ChL4MzjGwO_!!3078910112.jpg
https://detail.tmall.com/item.htm?id=671741667382&ns=1&abbucket=7,671741667382,1667651824,朗姿法式蓝色职业西装外套女2022夏季新款气质显瘦薄款西服上衣,https://g-search3.alicdn.com/img/bao/uploaded/i4/i2/1667651824/O1CN01OuGLT01PLRBQYxRl6_!!1667651824.jpg
https://detail.tmall.com/item.htm?id=598292354312&ns=1&abbucket=7,598292354312,3175115212,薄款亚麻西装女2022夏季新款小个子休闲七分袖棉麻小西服白色外套,https://g-search3.alicdn.com/img/bao/uploaded/i4/i1/3175115212/O1CN01Y8Wqqo1oN8pyxnAvP_!!0-item_pic.jpg
https://item.taobao.com/item.htm?id=639858489993&ns=1&abbucket=7#detail,639858489993,2208656986481,花花公子西服套装男士修身职业正装商务休闲西装伴郎新郎结婚礼服,https://g-search1.alicdn.com/img/bao/uploaded/i4/i1/2208656986481/O1CN01mB1yyr1xkLZBUJ1uH_!!2208656986481.jpg
https://detail.tmall.com/item.htm?id=574680642377&ns=1&abbucket=7,574680642377,2963388188,西服套装男士韩版修身上衣外套伴郎新郎结婚商务职业正装小西装男,https://g-search3.alicdn.com/img/bao/uploaded/i4/i1/2963388188/O1CN0112Q07D2AM9c89RYBs_!!0-item_pic.jpg
https://item.taobao.com/item.htm?id=642791110649&ns=1&abbucket=7#detail,642791110649,2127808979,夏季高级感坠感休闲西服套装男宽松韩版帅气痞帅潮轻熟小西装外套,https://g-search3.alicdn.com/img/bao/uploaded/i4/i4/2127808979/O1CN01i6Qe1F2GCQyBo1Bsq_!!2127808979.jpg
https://detail.tmall.com/item.htm?id=662328818719&ns=1&abbucket=7,662328818719,1573475524,诗凡黎西装外套女韩版2022年新款薄款黑色小西装高级感气质西服女,https://g-search3.alicdn.com/img/bao/uploaded/i4/i1/1573475524/O1CN01Au0JE51qg2d5w3IEz_!!1573475524.jpg
https://item.taobao.com/item.htm?id=605330418612&ns=1&abbucket=7#detail,605330418612,2441722819,西装套装女夏季薄款韩版时尚气质职业装正装女大学生面试西服外套,https://g-search2.alicdn.com/img/bao/uploaded/i4/i1/2441722819/O1CN01x2jXu81Wh9ASBpfhz_!!2441722819.jpg
https://detail.tmall.com/item.htm?id=642744438575&ns=1&abbucket=7,642744438575,3428967168,雪纺小西装外套女薄款2022新款夏韩版白色高级感单西服上衣防晒衣,https://g-search3.alicdn.com/img/bao/uploaded/i4/i1/3428967168/O1CN018HaA1s22ozfgTgmGf_!!0-item_pic.jpg
https://item.taobao.com/item.htm?id=675079077607&ns=1&abbucket=7#detail,675079077607,2613416167,美洋MEIYANG 舒伯特短西装 酷飒时髦五分袖精简箱型通勤西服外套,https://g-search3.alicdn.com/img/bao/uploaded/i4/i2/2613416167/O1CN01P4tCMe1vQXIWVte9D_!!0-item_pic.jpg
https://item.taobao.com/item.htm?id=673361387918&ns=1&abbucket=7#detail,673361387918,1752264181,七分袖西服套装女夏季薄款2022时尚气质女神范高端高级感夏天西装,https://g-search2.alicdn.com/img/bao/uploaded/i4/i4/1752264181/O1CN01B85yL31gkwhVHM0em_!!1752264181.jpg
https://item.taobao.com/item.htm?id=672708445412&ns=1&abbucket=7#detail,672708445412,1752264181,休闲西装套装女夏季薄款高级感2022新款爆款时尚气质高端职业西服,https://g-search3.alicdn.com/img/bao/uploaded/i4/i4/1752264181/O1CN01Zub9zx1gkwhK0viRJ_!!1752264181.jpg
https://item.taobao.com/item.htm?id=655608977376&ns=1&abbucket=7#detail,655608977376,109019987,罗蒙新郎西装套装男士英伦修身西服纯色结婚礼服商务休闲上班正装,https://g-search1.alicdn.com/img/bao/uploaded/i4/i1/109019987/O1CN018CtgtD2Ne6FWbQBht_!!0-item_pic.jpg
https://item.taobao.com/item.htm?id=675357511372&ns=1&abbucket=7#detail,675357511372,35199816,戎美 日本三醋酸薄款短袖西装女大气显白休闲套装西服百慕大中裤,https://g-search1.alicdn.com/img/bao/uploaded/i4/i2/35199816/O1CN01VTaJDm2MNmXYVtLvE_!!35199816.jpg
https://detail.tmall.com/item.htm?id=616006489780&ns=1&abbucket=7,616006489780,823511042,西服套装男士韩版修身上衣外套伴郎新郎结婚商务职业正装小西装男,https://g-search1.alicdn.com/img/bao/uploaded/i4/i3/823511042/O1CN01WjUq1p1JZHKltAVRZ_!!0-item_pic.jpg
https://detail.tmall.com/item.htm?id=576079870688&ns=1&abbucket=7,576079870688,2963388188,西服套装男士三件套商务职业正装小西装韩版修身伴郎新郎结婚礼服,https://g-search1.alicdn.com/img/bao/uploaded/i4/i1/2963388188/O1CN01oHEw8P2AM9bmnHkK1_!!2963388188-0-lubanu-s.jpg
https://item.taobao.com/item.htm?id=627469423830&ns=1&abbucket=7#detail,627469423830,1710045050,花花公子西服套装男士商务修身正装上班面试职业西装新郎结婚礼服,https://g-search3.alicdn.com/img/bao/uploaded/i4/i3/1710045050/O1CN01OVsVpw1nAwkr7iYmy_!!1710045050.jpg
https://detail.tmall.com/item.htm?id=668943065654&ns=1&abbucket=7,668943065654,2204167683085,2022新款chic白色西装外套女春秋休闲高级设计感小众宽松气质西服,https://g-search3.alicdn.com/img/bao/uploaded/i4/i2/2204167683085/O1CN01EP94WL1YeybRoC4Jd_!!0-item_pic.jpg
https://item.taobao.com/item.htm?id=627634071211&ns=1&abbucket=7#detail,627634071211,2613416167,美洋MEIYANG 日本东丽西装 设计感小众长袖休闲西服外套,https://g-search1.alicdn.com/img/bao/uploaded/i4/i2/2613416167/O1CN01EY06V81vQXING6V2Q_!!0-item_pic.jpg
https://detail.tmall.com/item.htm?id=670995029054&ns=1&abbucket=7,670995029054,436157429,西装外套女夏薄款休闲小个子气质职业装套装工作服正装小西服夏季,https://g-search3.alicdn.com/img/bao/uploaded/i4/i2/436157429/O1CN01NCyMTR24kX7N4FRLI_!!0-item_pic.jpg
https://detail.tmall.com/item.htm?id=672899965828&ns=1&abbucket=7,672899965828,2210478261577,炸街西装套装女夏季薄款气质女神范高级感职业休闲御姐夏天款西服,https://g-search3.alicdn.com/img/bao/uploaded/i4/i1/2210478261577/O1CN0174hBtZ1NWJLqGsIGz_!!0-item_pic.jpg
https://item.taobao.com/item.htm?id=666975942255&ns=1&abbucket=7#detail,666975942255,2983851030,西装套装女春秋长袖女士黑西服外套修身正装大学生职业面试工作服,https://g-search1.alicdn.com/img/bao/uploaded/i4/i1/2983851030/O1CN01nWESBT1JTmgAlHA4i_!!2983851030.jpg
https://detail.tmall.com/item.htm?id=669723747360&ns=1&abbucket=7,669723747360,1667651824,【白鹿同款】朗姿三醋酸白色女士小西装外套女2022夏季新职业西服,https://g-search3.alicdn.com/img/bao/uploaded/i4/i4/1667651824/O1CN01Dg0NAr1PLRBPrNkj8_!!1667651824.jpg
https://detail.tmall.com/item.htm?id=617655399178&ns=1&abbucket=7,617655399178,1039224878,拉博夫纯羊毛西服男士套装中年商务休闲高端正装职业结婚新郎西装,https://g-search1.alicdn.com/img/bao/uploaded/i4/i3/1039224878/O1CN01OwWkUG1luAld62g90_!!0-item_pic.jpg
https://detail.tmall.com/item.htm?id=640850844578&ns=1&abbucket=7,640850844578,2206793636864,春夏新款韩版天丝亚麻小西装外套女薄款杏色七分袖修身西服女上衣,https://g-search2.alicdn.com/img/bao/uploaded/i4/i1/2206793636864/O1CN01c2ksAN20ZlGVJW32a_!!0-item_pic.jpg
https://item.taobao.com/item.htm?id=654683972686&ns=1&abbucket=7#detail,654683972686,644802025,小云米西装外套女夏季薄款炸街小众设计感chic咖色休闲小西服上衣,https://g-search3.alicdn.com/img/bao/uploaded/i4/i1/644802025/O1CN017rQ95H1QpUjeWW4Cv_!!644802025.jpg
https://detail.tmall.com/item.htm?id=625780484275&ns=1&abbucket=7,625780484275,688058032,罗蒙男士西裤2022夏季薄款商务正装直筒裤休闲西装裤长裤西服裤子,https://g-search2.alicdn.com/img/bao/uploaded/i4/i4/688058032/O1CN01mxnUcK29ChxdNAQq4_!!688058032.jpg
https://detail.tmall.com/item.htm?id=38839770856&ns=1&abbucket=7,38839770856,1991829878,西服套装男士三件套商务休闲西装职业正装修身伴郎服新郎结婚礼服,https://g-search3.alicdn.com/img/bao/uploaded/i4/i1/1991829878/O1CN01gqwNNs2MqAwupZotV_!!1991829878-0-lubanu-s.jpg
https://detail.tmall.com/item.htm?id=669800618285&ns=1&abbucket=7,669800618285,734400460,娅丽达白色西装外套女薄款2022夏季凉感七分袖休闲小个子短款西服,https://g-search1.alicdn.com/img/bao/uploaded/i4/i2/734400460/O1CN013zGAEl1FGiw0Bfx4k_!!0-item_pic.jpg
https://detail.tmall.com/item.htm?id=672367308466&ns=1&abbucket=7,672367308466,2206596562987,2022新款高级感西装套装女神范夏季薄夏天气质高端西服职业工作服,https://g-search1.alicdn.com/img/bao/uploaded/i4/i4/2206596562987/O1CN01oAQFYy1Xw5ndEvudG_!!0-item_pic.jpg
https://detail.tmall.com/item.htm?id=654257723751&ns=1&abbucket=7,654257723751,2261103892,新郎结婚西服套装男意式商务休闲韩版修身职业正装婚礼西装三件套,https://g-search3.alicdn.com/img/bao/uploaded/i4/i1/2261103892/O1CN01P3OuAM1ecaBhQbDpA_!!0-item_pic.jpg
https://detail.tmall.com/item.htm?id=614440490503&ns=1&abbucket=7,614440490503,2204167683085,chic黑色西装外套女小个子2022春秋短款高级感韩版休闲西服上衣新,https://g-search1.alicdn.com/img/bao/uploaded/i4/i1/2204167683085/O1CN01IecS6J1YeycJ2vLXh_!!0-item_pic.jpg
https://item.taobao.com/item.htm?id=592542046832&ns=1&abbucket=7#detail,592542046832,4010220959,伯德小姐西装套装女夏款ol职业高级感气质通勤商务正装西服职业装,https://g-search3.alicdn.com/img/bao/uploaded/i4/i1/4010220959/O1CN01tRn6gm1IxGTPFF2vZ_!!4010220959.jpg
https://item.taobao.com/item.htm?id=647636356642&ns=1&abbucket=7#detail,647636356642,772491685,复古短款黑色小西装外套女夏季2022年新款气质宽松显瘦薄款小西服,https://g-search2.alicdn.com/img/bao/uploaded/i4/i2/772491685/O1CN01bGH4DX1OJm3WPKPEm_!!772491685.jpg
https://item.taobao.com/item.htm?id=669783809954&ns=1&abbucket=7#detail,669783809954,4010220959,伯德小姐西装套装女通勤新款夏天蓝色高级感夏季薄款职业装小西服,https://g-search3.alicdn.com/img/bao/uploaded/i4/i1/4010220959/O1CN01rvR3T51IxGZRjMalR_!!4010220959.jpg
https://detail.tmall.com/item.htm?id=633371679625&ns=1&abbucket=7,633371679625,2181429252,罗蒙新郎结婚西装套装男婚礼订婚礼服伴郎服修身男士西服套装正装,https://g-search1.alicdn.com/img/bao/uploaded/i4/i1/2181429252/O1CN01b0ArqX2IDT89C9RTR_!!0-item_pic.jpg
https://item.taobao.com/item.htm?id=602799286461&ns=1&abbucket=7#detail,602799286461,3078910112,花花公子西服套装男士商务休闲修身上班面试职业正装新郎伴郎结婚,https://g-search2.alicdn.com/img/bao/uploaded/i4/i2/3078910112/O1CN01ebSH8N1ChL4MzjGwO_!!3078910112.jpg
https://detail.tmall.com/item.htm?id=671741667382&ns=1&abbucket=7,671741667382,1667651824,朗姿法式蓝色职业西装外套女2022夏季新款气质显瘦薄款西服上衣,https://g-search1.alicdn.com/img/bao/uploaded/i4/i2/1667651824/O1CN01OuGLT01PLRBQYxRl6_!!1667651824.jpg
https://detail.tmall.com/item.htm?id=598292354312&ns=1&abbucket=7,598292354312,3175115212,薄款亚麻西装女2022夏季新款小个子休闲七分袖棉麻小西服白色外套,https://g-search3.alicdn.com/img/bao/uploaded/i4/i1/3175115212/O1CN01Y8Wqqo1oN8pyxnAvP_!!0-item_pic.jpg
https://item.taobao.com/item.htm?id=639858489993&ns=1&abbucket=7#detail,639858489993,2208656986481,花花公子西服套装男士修身职业正装商务休闲西装伴郎新郎结婚礼服,https://g-search3.alicdn.com/img/bao/uploaded/i4/i1/2208656986481/O1CN01mB1yyr1xkLZBUJ1uH_!!2208656986481.jpg
https://detail.tmall.com/item.htm?id=574680642377&ns=1&abbucket=7,574680642377,2963388188,西服套装男士韩版修身上衣外套伴郎新郎结婚商务职业正装小西装男,https://g-search2.alicdn.com/img/bao/uploaded/i4/i1/2963388188/O1CN0112Q07D2AM9c89RYBs_!!0-item_pic.jpg
https://item.taobao.com/item.htm?id=642791110649&ns=1&abbucket=7#detail,642791110649,2127808979,夏季高级感坠感休闲西服套装男宽松韩版帅气痞帅潮轻熟小西装外套,https://g-search3.alicdn.com/img/bao/uploaded/i4/i4/2127808979/O1CN01i6Qe1F2GCQyBo1Bsq_!!2127808979.jpg
https://detail.tmall.com/item.htm?id=662328818719&ns=1&abbucket=7,662328818719,1573475524,诗凡黎西装外套女韩版2022年新款薄款黑色小西装高级感气质西服女,https://g-search3.alicdn.com/img/bao/uploaded/i4/i1/1573475524/O1CN01Au0JE51qg2d5w3IEz_!!1573475524.jpg
https://item.taobao.com/item.htm?id=605330418612&ns=1&abbucket=7#detail,605330418612,2441722819,西装套装女夏季薄款韩版时尚气质职业装正装女大学生面试西服外套,https://g-search2.alicdn.com/img/bao/uploaded/i4/i1/2441722819/O1CN01x2jXu81Wh9ASBpfhz_!!2441722819.jpg
https://detail.tmall.com/item.htm?id=642744438575&ns=1&abbucket=7,642744438575,3428967168,雪纺小西装外套女薄款2022新款夏韩版白色高级感单西服上衣防晒衣,https://g-search3.alicdn.com/img/bao/uploaded/i4/i1/3428967168/O1CN018HaA1s22ozfgTgmGf_!!0-item_pic.jpg
https://item.taobao.com/item.htm?id=675079077607&ns=1&abbucket=7#detail,675079077607,2613416167,美洋MEIYANG 舒伯特短西装 酷飒时髦五分袖精简箱型通勤西服外套,https://g-search3.alicdn.com/img/bao/uploaded/i4/i2/2613416167/O1CN01P4tCMe1vQXIWVte9D_!!0-item_pic.jpg
https://item.taobao.com/item.htm?id=673361387918&ns=1&abbucket=7#detail,673361387918,1752264181,七分袖西服套装女夏季薄款2022时尚气质女神范高端高级感夏天西装,https://g-search3.alicdn.com/img/bao/uploaded/i4/i4/1752264181/O1CN01B85yL31gkwhVHM0em_!!1752264181.jpg
https://item.taobao.com/item.htm?id=672708445412&ns=1&abbucket=7#detail,672708445412,1752264181,休闲西装套装女夏季薄款高级感2022新款爆款时尚气质高端职业西服,https://g-search1.alicdn.com/img/bao/uploaded/i4/i4/1752264181/O1CN01Zub9zx1gkwhK0viRJ_!!1752264181.jpg
https://item.taobao.com/item.htm?id=655608977376&ns=1&abbucket=7#detail,655608977376,109019987,罗蒙新郎西装套装男士英伦修身西服纯色结婚礼服商务休闲上班正装,https://g-search3.alicdn.com/img/bao/uploaded/i4/i1/109019987/O1CN018CtgtD2Ne6FWbQBht_!!0-item_pic.jpg
